{"cameraMode":{"drawMode":0,"name":"Shaded","section":"Shading Mode"},"sceneLighting":true,"audioPlay":false,"sceneViewState":{"showFog":true,"showMaterialUpdate":false,"showSkybox":true,"showFlares":true,"showImageEffects":true,"showParticleSystems":true},"in2DMode":false,"pivot":{"x":-1.2344247102737427,"y":1.4603368043899537,"z":1.1451270580291749},"rotation":{"x":0.6375835537910461,"y":0.1824687272310257,"z":-0.1590721160173416,"w":0.7313631772994995},"size":61.16754913330078,"orthographic":false}